iso2,inst_id,display_name,year,works_count,country_rank
US,I136199984,Harvard University,2019,29610,1
US,I114027177,University of North Carolina at Chapel Hill,2019,27748,2
US,I27837315,University of Michigan,2019,22933,3
US,I97018004,Stanford University,2019,21230,4
US,I201448701,University of Washington,2019,20632,5
US,I145311948,Johns Hopkins University,2019,19516,6
US,I205783295,Cornell University,2019,17638,7
US,I79576946,University of Pennsylvania,2019,15432,8
US,I63966007,Massachusetts Institute of Technology,2019,14467,9
US,I142606810,Pacific Northwest National Laboratory,2019,14305,10
US,I33213144,University of Florida,2019,14039,11
US,I95457486,"University of California, Berkeley",2019,14033,12
US,I36258959,University of California San Diego,2019,13915,13
US,I161318765,"University of California, Los Angeles",2019,13835,14
US,I32971472,Yale University,2019,13682,15
US,I142606810,Pacific Northwest National Laboratory,2024,50159,1
US,I2801280572,Environmental Molecular Sciences Laboratory,2024,48068,2
US,I136199984,Harvard University,2024,32511,3
US,I145311948,Johns Hopkins University,2024,21751,4
US,I97018004,Stanford University,2024,21506,5
US,I27837315,University of Michigan,2024,20670,6
US,I201448701,University of Washington,2024,18460,7
US,I114027177,University of North Carolina at Chapel Hill,2024,18151,8
US,I205783295,Cornell University,2024,17674,9
US,I32971472,Yale University,2024,16778,10
US,I79576946,University of Pennsylvania,2024,16580,11
US,I36258959,University of California San Diego,2024,15177,12
US,I161318765,"University of California, Los Angeles",2024,15145,13
US,I33213144,University of Florida,2024,14298,14
US,I78577930,Columbia University,2024,14090,15
CA,I185261750,University of Toronto,2019,22229,1
CA,I141945490,University of British Columbia,2019,14229,2
CA,I154425047,University of Alberta,2019,10989,3
CA,I5023651,McGill University,2019,10894,4
CA,I168635309,University of Calgary,2019,8550,5
CA,I153718931,University of Ottawa,2019,7335,6
CA,I98251732,McMaster University,2019,7045,7
CA,I70931966,Université de Montréal,2019,6791,8
CA,I125749732,Western University,2019,6503,9
CA,I151746483,University of Waterloo,2019,6165,10
CA,I43406934,Université Laval,2019,4892,11
CA,I204722609,Queen's University,2019,4479,12
CA,I129902397,Dalhousie University,2019,4412,13
CA,I46247651,University of Manitoba,2019,4177,14
CA,I32625721,University of Saskatchewan,2019,3659,15
CA,I185261750,University of Toronto,2024,24465,1
CA,I141945490,University of British Columbia,2024,15496,2
CA,I5023651,McGill University,2024,12020,3
CA,I154425047,University of Alberta,2024,11231,4
CA,I168635309,University of Calgary,2024,9236,5
CA,I98251732,McMaster University,2024,8334,6
CA,I153718931,University of Ottawa,2024,7808,7
CA,I125749732,Western University,2024,7678,8
CA,I70931966,Université de Montréal,2024,7277,9
CA,I151746483,University of Waterloo,2024,6423,10
CA,I43406934,Université Laval,2024,5816,11
CA,I204722609,Queen's University,2024,5182,12
CA,I129902397,Dalhousie University,2024,5009,13
CA,I46247651,University of Manitoba,2024,4720,14
CA,I192455969,York University,2024,4390,15
GB,I45129253,University College London,2019,23560,1
GB,I40120149,University of Oxford,2019,21123,2
GB,I241749,University of Cambridge,2019,19637,3
GB,I47508984,Imperial College London,2019,15641,4
GB,I183935753,King's College London,2019,11835,5
GB,I28407311,University of Manchester,2019,10923,6
GB,I98677209,University of Edinburgh,2019,10675,7
GB,I79619799,University of Birmingham,2019,8028,8
GB,I36234482,University of Bristol,2019,7956,9
GB,I142263535,University of Nottingham,2019,7435,10
GB,I146655781,University of Liverpool,2019,7430,11
GB,I7882870,University of Glasgow,2019,7161,12
GB,I130828816,University of Leeds,2019,7074,13
GB,I43439940,University of Southampton,2019,6838,14
GB,I91136226,University of Sheffield,2019,6582,15
GB,I45129253,University College London,2024,27098,1
GB,I40120149,University of Oxford,2024,22621,2
GB,I241749,University of Cambridge,2024,17143,3
GB,I47508984,Imperial College London,2024,16712,4
GB,I183935753,King's College London,2024,13052,5
GB,I28407311,University of Manchester,2024,12015,6
GB,I98677209,University of Edinburgh,2024,11909,7
GB,I79619799,University of Birmingham,2024,9184,8
GB,I146655781,University of Liverpool,2024,9104,9
GB,I7882870,University of Glasgow,2024,8865,10
GB,I36234482,University of Bristol,2024,8563,11
GB,I130828816,University of Leeds,2024,8109,12
GB,I43439940,University of Southampton,2024,7301,13
GB,I142263535,University of Nottingham,2024,7259,14
GB,I91136226,University of Sheffield,2024,7062,15
DE,I223822909,Heidelberg University,2019,11869,1
DE,I62916508,Technical University of Munich,2019,10838,2
DE,I8204097,Ludwig-Maximilians-Universität München,2019,10686,3
DE,I159176309,Universität Hamburg,2019,9243,4
DE,I887968799,RWTH Aachen University,2019,7282,5
DE,I7877124,Charité - Universitätsmedizin Berlin,2019,6575,6
DE,I1294671590,Centre National de la Recherche Scientifique,2019,6228,7
DE,I102335020,Karlsruhe Institute of Technology,2019,6192,8
DE,I114090438,Goethe University Frankfurt,2019,6073,9
DE,I78650965,Technische Universität Dresden,2019,6013,10
DE,I4210105468,Laboratory Dr. Wisplinghoff,2019,5969,11
DE,I149899117,Max Planck Society,2019,5708,12
DE,I8087733,University of Tübingen,2019,5660,13
DE,I181369854,Friedrich-Alexander-Universität Erlangen-Nürnberg,2019,5444,14
DE,I2802164966,University Hospital Heidelberg,2019,5111,15
DE,I223822909,Heidelberg University,2024,12283,1
DE,I62916508,Technical University of Munich,2024,11777,2
DE,I8204097,Ludwig-Maximilians-Universität München,2024,11552,3
DE,I159176309,Universität Hamburg,2024,10242,4
DE,I887968799,RWTH Aachen University,2024,7908,5
DE,I7877124,Charité - Universitätsmedizin Berlin,2024,7754,6
DE,I1294671590,Centre National de la Recherche Scientifique,2024,7031,7
DE,I102335020,Karlsruhe Institute of Technology,2024,6942,8
DE,I114090438,Goethe University Frankfurt,2024,6699,9
DE,I78650965,Technische Universität Dresden,2024,6693,10
DE,I2802164966,University Hospital Heidelberg,2024,6496,11
DE,I39343248,Humboldt-Universität zu Berlin,2024,6483,12
DE,I75951250,Freie Universität Berlin,2024,6265,13
DE,I181369854,Friedrich-Alexander-Universität Erlangen-Nürnberg,2024,6167,14
DE,I8087733,University of Tübingen,2024,5907,15
FR,I1294671590,Centre National de la Recherche Scientifique,2019,60229,1
FR,I154526488,Inserm,2019,20905,2
FR,I39804081,Sorbonne Université,2019,16588,3
FR,I204730241,Université Paris Cité,2019,15276,4
FR,I277688954,Université Paris-Saclay,2019,11040,5
FR,I899635006,Université Grenoble Alpes,2019,9233,6
FR,I100532134,Université Claude Bernard Lyon 1,2019,9200,7
FR,I21491767,Aix-Marseille Université,2019,8126,8
FR,I2738703131,Commissariat à l'Énergie Atomique et aux Énergies Alternatives,2019,7397,9
FR,I90183372,Université de Lorraine,2019,7358,10
FR,I4210097159,Assistance Publique – Hôpitaux de Paris,2019,7227,11
FR,I19894307,Université de Montpellier,2019,7074,12
FR,I2279609970,Université de Lille,2019,6063,13
FR,I15057530,Université de Bordeaux,2019,5909,14
FR,I102197404,Université Paris-Sud,2019,5806,15
FR,I1294671590,Centre National de la Recherche Scientifique,2024,62572,1
FR,I154526488,Inserm,2024,23757,2
FR,I39804081,Sorbonne Université,2024,17762,3
FR,I204730241,Université Paris Cité,2024,15868,4
FR,I277688954,Université Paris-Saclay,2024,14464,5
FR,I4210088668,"Institut National de Recherche pour l'Agriculture, l'Alimentation et l'Environnement",2024,11949,6
FR,I899635006,Université Grenoble Alpes,2024,9887,7
FR,I100532134,Université Claude Bernard Lyon 1,2024,9786,8
FR,I4210097159,Assistance Publique – Hôpitaux de Paris,2024,8994,9
FR,I19894307,Université de Montpellier,2024,8361,10
FR,I2738703131,Commissariat à l'Énergie Atomique et aux Énergies Alternatives,2024,7987,11
FR,I21491767,Aix-Marseille Université,2024,7823,12
FR,I4210166444,Institut de Recherche pour le Développement,2024,7322,13
FR,I2279609970,Université de Lille,2024,7162,14
FR,I90183372,Université de Lorraine,2024,6528,15
NL,I887064364,University of Amsterdam,2019,10890,1
NL,I145872427,Radboud University Nijmegen,2019,8813,2
NL,I193662353,Utrecht University,2019,8455,3
NL,I169381384,University of Groningen,2019,7910,4
NL,I98358874,Delft University of Technology,2019,7027,5
NL,I865915315,Vrije Universiteit Amsterdam,2019,5989,6
NL,I4210151833,Amsterdam University Medical Centers,2019,5386,7
NL,I913481162,Wageningen University & Research,2019,5343,8
NL,I34352273,Maastricht University,2019,5071,9
NL,I121797337,Leiden University,2019,5030,10
NL,I2801952686,Erasmus MC,2019,4844,11
NL,I3018483916,University Medical Center Utrecht,2019,4719,12
NL,I4210096112,Rutgers Sexual and Reproductive Health and Rights,2019,4639,13
NL,I2802934949,Radboud University Medical Center,2019,4623,14
NL,I913958620,Erasmus University Rotterdam,2019,4420,15
NL,I887064364,University of Amsterdam,2024,9783,1
NL,I193662353,Utrecht University,2024,9219,2
NL,I145872427,Radboud University Nijmegen,2024,8932,3
NL,I98358874,Delft University of Technology,2024,8436,4
NL,I169381384,University of Groningen,2024,8413,5
NL,I4210151833,Amsterdam University Medical Centers,2024,7404,6
NL,I865915315,Vrije Universiteit Amsterdam,2024,7275,7
NL,I913481162,Wageningen University & Research,2024,6984,8
NL,I34352273,Maastricht University,2024,6162,9
NL,I2801952686,Erasmus MC,2024,5452,10
NL,I121797337,Leiden University,2024,5186,11
NL,I2802934949,Radboud University Medical Center,2024,5136,12
NL,I3018483916,University Medical Center Utrecht,2024,4924,13
NL,I1334415907,University Medical Center Groningen,2024,4876,14
NL,I913958620,Erasmus University Rotterdam,2024,4803,15
CH,I35440088,ETH Zurich,2019,14013,1
CH,I202697423,University of Zurich,2019,8500,2
CH,I118564535,University of Bern,2019,6553,3
CH,I5124864,École Polytechnique Fédérale de Lausanne,2019,6476,4
CH,I114457229,University of Geneva,2019,5143,5
CH,I97565354,University of Lausanne,2019,4543,6
CH,I1850255,University of Basel,2019,4532,7
CH,I4210100468,University Hospital of Zurich,2019,3103,8
CH,I1294671590,Centre National de la Recherche Scientifique,2019,3012,9
CH,I2801112126,University Hospital of Bern,2019,2630,10
CH,I67311998,European Organization for Nuclear Research,2019,2203,11
CH,I2802542264,University Hospital of Basel,2019,2077,12
CH,I2802229908,Paul Scherrer Institute,2019,1614,13
CH,I154338468,University of Fribourg,2019,1572,14
CH,I4210106256,University Hospital of Geneva,2019,1540,15
CH,I35440088,ETH Zurich,2024,11386,1
CH,I202697423,University of Zurich,2024,9523,2
CH,I118564535,University of Bern,2024,8099,3
CH,I5124864,École Polytechnique Fédérale de Lausanne,2024,6221,4
CH,I97565354,University of Lausanne,2024,5960,5
CH,I114457229,University of Geneva,2024,5405,6
CH,I1850255,University of Basel,2024,4936,7
CH,I4210100468,University Hospital of Zurich,2024,3578,8
CH,I1294671590,Centre National de la Recherche Scientifique,2024,3473,9
CH,I2801112126,University Hospital of Bern,2024,3434,10
CH,I2802542264,University Hospital of Basel,2024,2196,11
CH,I4210106256,University Hospital of Geneva,2024,1940,12
CH,I2802229908,Paul Scherrer Institute,2024,1883,13
CH,I154338468,University of Fribourg,2024,1859,14
CH,I67311998,European Organization for Nuclear Research,2024,1826,15
SE,I28166907,Karolinska Institutet,2019,9221,1
SE,I187531555,Lund University,2019,7945,2
SE,I123387679,Uppsala University,2019,7265,3
SE,I881427289,University of Gothenburg,2019,6111,4
SE,I161593684,Stockholm University,2019,5046,5
SE,I86987016,KTH Royal Institute of Technology,2019,4624,6
SE,I102134673,Linköping University,2019,3800,7
SE,I66862912,Chalmers University of Technology,2019,3578,8
SE,I1335113835,Karolinska University Hospital,2019,3337,9
SE,I90267481,Umeå University,2019,2942,10
SE,I298625061,Swedish University of Agricultural Sciences,2019,2199,11
SE,I2801112325,Sahlgrenska University Hospital,2019,1742,12
SE,I4210137844,Skåne University Hospital,2019,1653,13
SE,I1294671590,Centre National de la Recherche Scientifique,2019,1565,14
SE,I190632392,Luleå University of Technology,2019,1279,15
SE,I28166907,Karolinska Institutet,2024,10279,1
SE,I187531555,Lund University,2024,9253,2
SE,I123387679,Uppsala University,2024,8176,3
SE,I881427289,University of Gothenburg,2024,7148,4
SE,I161593684,Stockholm University,2024,5439,5
SE,I86987016,KTH Royal Institute of Technology,2024,5050,6
SE,I102134673,Linköping University,2024,4141,7
SE,I1335113835,Karolinska University Hospital,2024,3748,8
SE,I90267481,Umeå University,2024,3508,9
SE,I66862912,Chalmers University of Technology,2024,3474,10
SE,I298625061,Swedish University of Agricultural Sciences,2024,2663,11
SE,I2801112325,Sahlgrenska University Hospital,2024,2402,12
SE,I4210137844,Skåne University Hospital,2024,1908,13
SE,I1294671590,Centre National de la Recherche Scientifique,2024,1829,14
SE,I45129253,University College London,2024,1642,15
DK,I204337017,Aarhus University,2019,12164,1
DK,I124055696,University of Copenhagen,2019,11380,2
DK,I96673099,Technical University of Denmark,2019,6592,3
DK,I891191580,Aalborg University,2019,6116,4
DK,I177969490,University of Southern Denmark,2019,4672,5
DK,I2802709434,Rigshospitalet,2019,3530,6
DK,I2802335433,Aarhus University Hospital,2019,2942,7
DK,I2802567020,Copenhagen University Hospital,2019,2716,8
DK,I2801498763,Odense University Hospital,2019,1768,9
DK,I180519160,Copenhagen Business School,2019,1658,10
DK,I107707843,Roskilde University,2019,1230,11
DK,I2799976261,Aalborg University Hospital,2019,1084,12
DK,I2802582725,Gentofte Hospital,2019,1011,13
DK,I1294671590,Centre National de la Recherche Scientifique,2019,984,14
DK,I187531555,Lund University,2019,964,15
DK,I124055696,University of Copenhagen,2024,12758,1
DK,I204337017,Aarhus University,2024,10629,2
DK,I96673099,Technical University of Denmark,2024,6950,3
DK,I891191580,Aalborg University,2024,6527,4
DK,I177969490,University of Southern Denmark,2024,5517,5
DK,I2802567020,Copenhagen University Hospital,2024,4496,6
DK,I2802709434,Rigshospitalet,2024,4072,7
DK,I2802335433,Aarhus University Hospital,2024,3562,8
DK,I2801498763,Odense University Hospital,2024,2211,9
DK,I180519160,Copenhagen Business School,2024,1655,10
DK,I2799976261,Aalborg University Hospital,2024,1500,11
DK,I2802582725,Gentofte Hospital,2024,1376,12
DK,I1294671590,Centre National de la Recherche Scientifique,2024,1257,13
DK,I107707843,Roskilde University,2024,1121,14
DK,I187531555,Lund University,2024,1088,15
FI,I133731052,University of Helsinki,2019,9134,1
FI,I9927081,Aalto University,2019,3841,2
FI,I155660961,University of Turku,2019,3640,3
FI,I166825849,Tampere University,2019,3314,4
FI,I98381234,University of Oulu,2019,3123,5
FI,I175532246,University of Eastern Finland,2019,2607,6
FI,I94722563,University of Jyväskylä,2019,2175,7
FI,I2800394112,Helsinki University Hospital,2019,2173,8
FI,I4210133110,,2019,1845,9
FI,I39624965,Finnish Institute for Health and Welfare,2019,1309,10
FI,I2801970007,Turku University Hospital,2019,1180,11
FI,I130217899,Åbo Akademi University,2019,1020,12
FI,I63548447,Lappeenranta-Lahti University of Technology,2019,936,13
FI,I4210126318,Tampere University Hospital,2019,877,14
FI,I28166907,Karolinska Institutet,2019,843,15
FI,I133731052,University of Helsinki,2024,9749,1
FI,I155660961,University of Turku,2024,4153,2
FI,I9927081,Aalto University,2024,3795,3
FI,I98381234,University of Oulu,2024,3650,4
FI,I166825849,Tampere University,2024,3574,5
FI,I175532246,University of Eastern Finland,2024,3211,6
FI,I2800394112,Helsinki University Hospital,2024,2320,7
FI,I94722563,University of Jyväskylä,2024,2307,8
FI,I4210133110,,2024,1504,9
FI,I2801970007,Turku University Hospital,2024,1237,10
FI,I63548447,Lappeenranta-Lahti University of Technology,2024,1162,11
FI,I130217899,Åbo Akademi University,2024,1095,12
FI,I1285790362,Finnish Meteorological Institute,2024,1077,13
FI,I3017910207,Natural Resources Institute Finland,2024,966,14
FI,I1294671590,Centre National de la Recherche Scientifique,2024,955,15
NO,I184942183,University of Oslo,2019,7911,1
NO,I204778367,Norwegian University of Science and Technology,2019,6013,2
NO,I4432739,University of Bergen,2019,4167,3
NO,I1281400175,Oslo University Hospital,2019,3169,4
NO,I78037679,UiT The Arctic University of Norway,2019,2221,5
NO,I54108979,Norwegian University of Life Sciences,2019,1249,6
NO,I92008406,University of Stavanger,2019,1244,7
NO,I173888879,SINTEF,2019,1241,8
NO,I2800740805,Haukeland University Hospital,2019,1198,9
NO,I124055696,University of Copenhagen,2019,932,10
NO,I2801380234,University of South-Eastern Norway,2019,925,11
NO,I184531372,OsloMet – Oslo Metropolitan University,2019,919,12
NO,I1294671590,Centre National de la Recherche Scientifique,2019,893,13
NO,I1333353642,Norwegian Institute of Public Health,2019,876,14
NO,I179863766,Western Norway University of Applied Sciences,2019,775,15
NO,I184942183,University of Oslo,2024,8329,1
NO,I204778367,Norwegian University of Science and Technology,2024,7720,2
NO,I4432739,University of Bergen,2024,4616,3
NO,I1281400175,Oslo University Hospital,2024,3415,4
NO,I78037679,UiT The Arctic University of Norway,2024,2603,5
NO,I173888879,SINTEF,2024,1573,6
NO,I92008406,University of Stavanger,2024,1566,7
NO,I54108979,Norwegian University of Life Sciences,2024,1417,8
NO,I184531372,OsloMet – Oslo Metropolitan University,2024,1335,9
NO,I1294671590,Centre National de la Recherche Scientifique,2024,1287,10
NO,I2800740805,Haukeland University Hospital,2024,1277,11
NO,I2801380234,University of South-Eastern Norway,2024,1273,12
NO,I1333353642,Norwegian Institute of Public Health,2024,1215,13
NO,I200650556,University of Agder,2024,1131,14
NO,I124055696,University of Copenhagen,2024,1078,15
IE,I100930933,University College Dublin,2019,4653,1
IE,I205274468,Trinity College Dublin,2019,4360,2
IE,I27577105,University College Cork,2019,2499,3
IE,I188760350,Ollscoil na Gaillimhe – University of Galway,2019,2276,4
IE,I4210108542,Schlumberger (Ireland),2019,1627,5
IE,I230495080,University of Limerick,2019,1572,6
IE,I42934936,Dublin City University,2019,1566,7
IE,I142762351,Royal College of Surgeons in Ireland,2019,1100,8
IE,I157286207,"National University of Ireland, Maynooth",2019,928,9
IE,I141766778,Teagasc - The Irish Agriculture and Food Development Authority,2019,646,10
IE,I4210144925,Technological University Dublin,2019,595,11
IE,I4210154619,St. James's Hospital,2019,565,12
IE,I1294671590,Centre National de la Recherche Scientifique,2019,547,13
IE,I4210115218,St. Vincent's University Hospital,2019,513,14
IE,I2802396013,Cork University Hospital,2019,439,15
IE,I100930933,University College Dublin,2024,5828,1
IE,I205274468,Trinity College Dublin,2024,4845,2
IE,I27577105,University College Cork,2024,3216,3
IE,I188760350,Ollscoil na Gaillimhe – University of Galway,2024,2588,4
IE,I230495080,University of Limerick,2024,1915,5
IE,I42934936,Dublin City University,2024,1881,6
IE,I142762351,Royal College of Surgeons in Ireland,2024,1478,7
IE,I157286207,"National University of Ireland, Maynooth",2024,1237,8
IE,I4210108542,Schlumberger (Ireland),2024,1082,9
IE,I4210144925,Technological University Dublin,2024,990,10
IE,I141766778,Teagasc - The Irish Agriculture and Food Development Authority,2024,794,11
IE,I4210154619,St. James's Hospital,2024,749,12
IE,I4210115218,St. Vincent's University Hospital,2024,720,13
IE,I1294671590,Centre National de la Recherche Scientifique,2024,691,14
IE,I45129253,University College London,2024,631,15
AT,I129774422,University of Vienna,2019,5358,1
AT,I76134821,Medical University of Vienna,2019,4711,2
AT,I145847075,TU Wien,2019,3790,3
AT,I190249584,Universität Innsbruck,2019,3214,4
AT,I4092182,Graz University of Technology,2019,2080,5
AT,I15766117,University of Graz,2019,1854,6
AT,I202276237,Medical University of Graz,2019,1824,7
AT,I143397708,Innsbruck Medical University,2019,1688,8
AT,I121883995,Johannes Kepler University of Linz,2019,1629,9
AT,I92869138,BOKU University,2019,1493,10
AT,I138211613,Austrian Academy of Sciences,2019,1210,11
AT,I182212641,University of Salzburg,2019,1174,12
AT,I1294671590,Centre National de la Recherche Scientifique,2019,1090,13
AT,I27945538,Paracelsus Medical University,2019,1041,14
AT,I223822909,Heidelberg University,2019,756,15
AT,I129774422,University of Vienna,2024,6170,1
AT,I76134821,Medical University of Vienna,2024,5748,2
AT,I190249584,Universität Innsbruck,2024,4234,3
AT,I145847075,TU Wien,2024,3729,4
AT,I4092182,Graz University of Technology,2024,2252,5
AT,I202276237,Medical University of Graz,2024,2186,6
AT,I143397708,Innsbruck Medical University,2024,1991,7
AT,I15766117,University of Graz,2024,1959,8
AT,I121883995,Johannes Kepler University of Linz,2024,1861,9
AT,I92869138,BOKU University,2024,1760,10
AT,I1294671590,Centre National de la Recherche Scientifique,2024,1424,11
AT,I138211613,Austrian Academy of Sciences,2024,1291,12
AT,I182212641,University of Salzburg,2024,1287,13
AT,I27945538,Paracelsus Medical University,2024,1087,14
AT,I8204097,Ludwig-Maximilians-Universität München,2024,1060,15
BE,I99464096,KU Leuven,2019,13978,1
BE,I157674565,University of Liège,2019,8313,2
BE,I32597200,Ghent University,2019,7645,3
BE,I149213910,University of Antwerp,2019,3992,4
BE,I95674353,UCLouvain,2019,3980,5
BE,I132053463,Université Libre de Bruxelles,2019,3720,6
BE,I2801227569,Ghent University Hospital,2019,3271,7
BE,I13469542,Vrije Universiteit Brussel,2019,3095,8
BE,I1294671590,Centre National de la Recherche Scientifique,2019,2175,9
BE,I130929987,University of Mons,2019,1737,10
BE,I154526488,Inserm,2019,1266,11
BE,I878454856,Hasselt University,2019,1243,12
BE,I4210114974,IMEC,2019,1078,13
BE,I204730241,Université Paris Cité,2019,969,14
BE,I45129253,University College London,2019,918,15
BE,I99464096,KU Leuven,2024,13231,1
BE,I32597200,Ghent University,2024,8147,2
BE,I149213910,University of Antwerp,2024,4652,3
BE,I157674565,University of Liège,2024,4170,4
BE,I2801227569,Ghent University Hospital,2024,4133,5
BE,I132053463,Université Libre de Bruxelles,2024,4038,6
BE,I13469542,Vrije Universiteit Brussel,2024,3873,7
BE,I95674353,UCLouvain,2024,3726,8
BE,I1294671590,Centre National de la Recherche Scientifique,2024,2468,9
BE,I130929987,University of Mons,2024,1967,10
BE,I154526488,Inserm,2024,1572,11
BE,I878454856,Hasselt University,2024,1476,12
BE,I1315288073,Cliniques Universitaires Saint-Luc,2024,1187,13
BE,I4210102047,Antwerp University Hospital,2024,1175,14
BE,I45129253,University College London,2024,1147,15
ES,I71999127,Universitat de Barcelona,2019,8140,1
ES,I121748325,Universidad Complutense de Madrid,2019,6627,2
ES,I123044942,Universitat Autònoma de Barcelona,2019,6496,3
ES,I16097986,Universitat de València,2019,5618,4
ES,I173304897,Universidad de Granada,2019,5179,5
ES,I63634437,Universidad Autónoma de Madrid,2019,5122,6
ES,I79238269,Universidad de Sevilla,2019,4688,7
ES,I169108374,University of the Basque Country,2019,4606,8
ES,I9617848,Universitat Politècnica de Catalunya,2019,3943,9
ES,I60053951,Universitat Politècnica de València,2019,3828,10
ES,I1294671590,Centre National de la Recherche Scientifique,2019,3670,11
ES,I255234318,Universidad de Zaragoza,2019,3616,12
ES,I88060688,Universidad Politécnica de Madrid,2019,3442,13
ES,I200284239,Universidade de Santiago de Compostela,2019,3400,14
ES,I134820265,Consejo Superior de Investigaciones Científicas,2019,3079,15
ES,I71999127,Universitat de Barcelona,2024,9360,1
ES,I121748325,Universidad Complutense de Madrid,2024,8702,2
ES,I123044942,Universitat Autònoma de Barcelona,2024,7117,3
ES,I16097986,Universitat de València,2024,6634,4
ES,I173304897,Universidad de Granada,2024,6332,5
ES,I79238269,Universidad de Sevilla,2024,5945,6
ES,I63634437,Universidad Autónoma de Madrid,2024,5723,7
ES,I169108374,University of the Basque Country,2024,5301,8
ES,I2801357902,Instituto de Salud Carlos III,2024,5149,9
ES,I9617848,Universitat Politècnica de Catalunya,2024,4512,10
ES,I1294671590,Centre National de la Recherche Scientifique,2024,4493,11
ES,I60053951,Universitat Politècnica de València,2024,4138,12
ES,I88060688,Universidad Politécnica de Madrid,2024,4094,13
ES,I255234318,Universidad de Zaragoza,2024,4088,14
ES,I200284239,Universidade de Santiago de Compostela,2024,3579,15
IT,I189158943,University of Milan,2019,11482,1
IT,I861853513,Sapienza University of Rome,2019,10114,2
IT,I138689650,University of Padua,2019,9055,3
IT,I9360294,University of Bologna,2019,8837,4
IT,I4210153126,Istituti di Ricovero e Cura a Carattere Scientifico,2019,8194,5
IT,I93860229,Politecnico di Milano,2019,6419,6
IT,I71267560,University of Naples Federico II,2019,6352,7
IT,I45084792,University of Florence,2019,6124,8
IT,I55143463,University of Turin,2019,6069,9
IT,I108290504,University of Pisa,2019,5512,10
IT,I4210155236,National Research Council,2019,5154,11
IT,I1294671590,Centre National de la Recherche Scientifique,2019,4649,12
IT,I83816512,University of Genoa,2019,4066,13
IT,I116067653,University of Rome Tor Vergata,2019,4020,14
IT,I25217355,University of Pavia,2019,3811,15
IT,I861853513,Sapienza University of Rome,2024,13044,1
IT,I4210153126,Istituti di Ricovero e Cura a Carattere Scientifico,2024,11607,2
IT,I9360294,University of Bologna,2024,11269,3
IT,I138689650,University of Padua,2024,11208,4
IT,I189158943,University of Milan,2024,10646,5
IT,I71267560,University of Naples Federico II,2024,8630,6
IT,I55143463,University of Turin,2024,7629,7
IT,I93860229,Politecnico di Milano,2024,7479,8
IT,I45084792,University of Florence,2024,7374,9
IT,I108290504,University of Pisa,2024,6542,10
IT,I4210155236,National Research Council,2024,6479,11
IT,I83816512,University of Genoa,2024,5228,12
IT,I1294671590,Centre National de la Recherche Scientifique,2024,5181,13
IT,I177477856,Politecnico di Torino,2024,5105,14
IT,I116067653,University of Rome Tor Vergata,2024,5061,15
PT,I141596103,University of Lisbon,2019,8607,1
PT,I182534213,Universidade do Porto,2019,6997,2
PT,I76903346,University of Coimbra,2019,5019,3
PT,I60858718,University of Aveiro,2019,3850,4
PT,I99682543,University of Minho,2019,3587,5
PT,I83558840,Universidade Nova de Lisboa,2019,3399,6
PT,I4210138594,Rede de Química e Tecnologia,2019,1355,7
PT,I203847022,Instituto Politécnico de Lisboa,2019,1199,8
PT,I161321875,University of Beira Interior,2019,1155,9
PT,I1294671590,Centre National de la Recherche Scientifique,2019,1081,10
PT,I4210166615,INESC TEC,2019,1060,11
PT,I110026055,Iscte – Instituto Universitário de Lisboa,2019,1044,12
PT,I25169866,Universidade Católica Portuguesa,2019,1034,13
PT,I155381812,University of Trás-os-Montes and Alto Douro,2019,1023,14
PT,I21803372,University of Évora,2019,1018,15
PT,I141596103,University of Lisbon,2024,8992,1
PT,I182534213,Universidade do Porto,2024,8265,2
PT,I76903346,University of Coimbra,2024,5142,3
PT,I83558840,Universidade Nova de Lisboa,2024,4123,4
PT,I60858718,University of Aveiro,2024,3984,5
PT,I99682543,University of Minho,2024,3944,6
PT,I155381812,University of Trás-os-Montes and Alto Douro,2024,1487,7
PT,I83863532,Polytechnic Institute of Porto,2024,1297,8
PT,I4210138594,Rede de Química e Tecnologia,2024,1277,9
PT,I4210110056,Administração Regional de Saúde de Lisboa e Vale do Tejo,2024,1259,10
PT,I71503853,University of Algarve,2024,1256,11
PT,I161321875,University of Beira Interior,2024,1211,12
PT,I203847022,Instituto Politécnico de Lisboa,2024,1188,13
PT,I1294671590,Centre National de la Recherche Scientifique,2024,1180,14
PT,I21803372,University of Évora,2024,1179,15
PL,I126596746,Jagiellonian University,2019,5804,1
PL,I99542240,Polish Academy of Sciences,2019,5090,2
PL,I4654613,University of Warsaw,2019,4853,3
PL,I686019,AGH University of Krakow,2019,4829,4
PL,I59411706,Adam Mickiewicz University in Poznań,2019,3267,5
PL,I108403487,Warsaw University of Technology,2019,2640,6
PL,I11923345,Wrocław University of Science and Technology,2019,2335,7
PL,I34250744,University of Łódź,2019,2293,8
PL,I3019271933,Nicolaus Copernicus University,2019,2223,9
PL,I268303160,Medical University of Warsaw,2019,2222,10
PL,I219388962,University of Wrocław,2019,2112,11
PL,I119004910,Silesian University of Technology,2019,2024,12
PL,I864159182,University of Silesia in Katowice,2019,1800,13
PL,I174183983,Maria Curie-Skłodowska University,2019,1749,14
PL,I40413290,University of Gdańsk,2019,1744,15
PL,I126596746,Jagiellonian University,2024,7884,1
PL,I686019,AGH University of Krakow,2024,5622,2
PL,I99542240,Polish Academy of Sciences,2024,5567,3
PL,I4654613,University of Warsaw,2024,4906,4
PL,I59411706,Adam Mickiewicz University in Poznań,2024,3479,5
PL,I108403487,Warsaw University of Technology,2024,2709,6
PL,I268303160,Medical University of Warsaw,2024,2678,7
PL,I119004910,Silesian University of Technology,2024,2662,8
PL,I3019271933,Nicolaus Copernicus University,2024,2483,9
PL,I11923345,Wrocław University of Science and Technology,2024,2425,10
PL,I34250744,University of Łódź,2024,2331,11
PL,I864159182,University of Silesia in Katowice,2024,2162,12
PL,I166182418,Medical University of Silesia,2024,2137,13
PL,I40413290,University of Gdańsk,2024,2078,14
PL,I219388962,University of Wrocław,2024,1973,15
CZ,I21250087,Charles University,2019,6410,1
CZ,I21449261,Masaryk University,2019,3115,2
CZ,I44504214,Czech Technical University in Prague,2019,2672,3
CZ,I60587646,Brno University of Technology,2019,1949,4
CZ,I70703428,Palacký University Olomouc,2019,1828,5
CZ,I202391551,Czech Academy of Sciences,2019,1798,6
CZ,I4210122644,FZU ‒ Institute of Physics of the Academy of Sciences of the Czech Republic,2019,1432,7
CZ,I142208455,VSB - Technical University of Ostrava,2019,1338,8
CZ,I1310815967,Central European Institute of Technology,2019,1170,9
CZ,I205984670,Czech University of Life Sciences Prague,2019,1095,10
CZ,I1294671590,Centre National de la Recherche Scientifique,2019,1039,11
CZ,I9073902,"University of Chemistry and Technology, Prague",2019,900,12
CZ,I3124161356,University of South Bohemia in České Budějovice,2019,894,13
CZ,I207624831,Slovak Academy of Sciences,2019,757,14
CZ,I133731052,University of Helsinki,2019,721,15
CZ,I21250087,Charles University,2024,7164,1
CZ,I21449261,Masaryk University,2024,3293,2
CZ,I44504214,Czech Technical University in Prague,2024,2611,3
CZ,I202391551,Czech Academy of Sciences,2024,2099,4
CZ,I70703428,Palacký University Olomouc,2024,2065,5
CZ,I4210122644,FZU ‒ Institute of Physics of the Academy of Sciences of the Czech Republic,2024,1700,6
CZ,I60587646,Brno University of Technology,2024,1621,7
CZ,I205984670,Czech University of Life Sciences Prague,2024,1615,8
CZ,I142208455,VSB - Technical University of Ostrava,2024,1580,9
CZ,I1294671590,Centre National de la Recherche Scientifique,2024,1209,10
CZ,I9073902,"University of Chemistry and Technology, Prague",2024,1087,11
CZ,I3124161356,University of South Bohemia in České Budějovice,2024,1049,12
CZ,I19820366,Chinese Academy of Sciences,2024,978,13
CZ,I56081889,Mendel University in Brno,2024,903,14
CZ,I92715842,University of West Bohemia in Pilsen,2024,754,15
EE,I56085075,University of Tartu,2019,2544,1
EE,I111112146,Tallinn University of Technology,2019,1298,2
EE,I924572780,Praxis,2019,558,3
EE,I133731052,University of Helsinki,2019,392,4
EE,I129604602,The University of Sydney,2019,389,5
EE,I19409027,Estonian University of Life Sciences,2019,388,6
EE,I193629610,Tallinn University,2019,375,7
EE,I114017466,University of Technology Sydney,2019,371,8
EE,I1294671590,Centre National de la Recherche Scientifique,2019,252,9
EE,I31528381,National Institute of Chemical Physics and Biophysics,2019,213,10
EE,I2802241215,Tartu University Hospital,2019,192,11
EE,I47508984,Imperial College London,2019,179,12
EE,I202697423,University of Zurich,2019,154,13
EE,I36234482,University of Bristol,2019,154,14
EE,I21250087,Charles University,2019,152,15
EE,I56085075,University of Tartu,2024,2660,1
EE,I111112146,Tallinn University of Technology,2024,1325,2
EE,I193629610,Tallinn University,2024,512,3
EE,I924572780,Praxis,2024,487,4
EE,I19409027,Estonian University of Life Sciences,2024,452,5
EE,I133731052,University of Helsinki,2024,319,6
EE,I4210093416,Ministry of Agriculture,2024,314,7
EE,I31528381,National Institute of Chemical Physics and Biophysics,2024,223,8
EE,I2802241215,Tartu University Hospital,2024,221,9
EE,I1294671590,Centre National de la Recherche Scientifique,2024,200,10
EE,I173212132,Vilnius University,2024,181,11
EE,I21250087,Charles University,2024,171,12
EE,I91123046,University of Latvia,2024,158,13
EE,I4068193,University of Belgrade,2024,152,14
EE,I28166907,Karolinska Institutet,2024,149,15
MT,I197854408,University of Malta,2019,1039,1
MT,I2801220772,Mater Dei Hospital,2019,207,2
MT,I4210124742,Primary HealthCare,2019,91,3
MT,I4210127577,Middlesex University,2019,78,4
MT,I4210124908,"Malta College of Arts, Science and Technology",2019,61,5
MT,I98677209,University of Edinburgh,2019,39,6
MT,I40120149,University of Oxford,2019,38,7
MT,I2799405328,Heritage Malta,2019,36,8
MT,I4210134505,Primary Health Care,2019,34,9
MT,I4210134722,Ministry for Health,2019,34,10
MT,I45129253,University College London,2019,34,11
MT,I60488453,Middlesex University,2019,31,12
MT,I1294671590,Centre National de la Recherche Scientifique,2019,27,13
MT,I241749,University of Cambridge,2019,26,14
MT,I4210155236,National Research Council,2019,24,15
MT,I197854408,University of Malta,2024,1324,1
MT,I2801220772,Mater Dei Hospital,2024,240,2
MT,I4210124742,Primary HealthCare,2024,212,3
MT,I4210124908,"Malta College of Arts, Science and Technology",2024,108,4
MT,I4210127577,Middlesex University,2024,94,5
MT,I4210134505,Primary Health Care,2024,55,6
MT,I2799405328,Heritage Malta,2024,46,7
MT,I60488453,Middlesex University,2024,43,8
MT,I4210134722,Ministry for Health,2024,40,9
MT,I200777214,National and Kapodistrian University of Athens,2024,35,10
MT,I99464096,KU Leuven,2024,35,11
MT,I182534213,Universidade do Porto,2024,33,12
MT,I106707670,Central Bank of Malta,2024,32,13
MT,I45129253,University College London,2024,32,14
MT,I154526488,Inserm,2024,29,15
GE,I102808428,Tbilisi State University,2019,752,1
GE,I183003952,Ilia State University,2019,452,2
GE,I131762061,Georgian Technical University,2019,292,3
GE,I1294671590,Centre National de la Recherche Scientifique,2019,214,4
GE,I4210108560,"Istituto Nazionale di Fisica Nucleare, Sezione di Napoli",2019,198,5
GE,I4210142660,"Istituto Nazionale di Fisica Nucleare, Laboratori Nazionali di Frascati",2019,198,6
GE,I4068193,University of Belgrade,2019,196,7
GE,I4210133362,Institut National de Physique Nucléaire et de Physique des Particules,2019,196,8
GE,I135310074,University of Wisconsin–Madison,2019,195,9
GE,I4210109533,"Istituto Nazionale di Fisica Nucleare, Sezione di Pavia",2019,194,10
GE,I19880235,Lomonosov Moscow State University,2019,193,11
GE,I21250087,Charles University,2019,193,12
GE,I32699454,Joint Institute for Nuclear Research,2019,191,13
GE,I99065089,Tsinghua University,2019,191,14
GE,I200777214,National and Kapodistrian University of Athens,2019,190,15
GE,I183003952,Ilia State University,2024,1544,1
GE,I2802466663,State Museum of Natural History Karlsruhe,2024,1116,2
GE,I102808428,Tbilisi State University,2024,992,3
GE,I131762061,Georgian Technical University,2024,577,4
GE,I2802431724,Missouri Botanical Garden,2024,462,5
GE,I7848551,Tbilisi State Medical University,2024,452,6
GE,I4210108110,Mohamed I University,2024,350,7
GE,I126595936,Azerbaijan National Academy of Sciences,2024,295,8
GE,I12153360,Batumi Shota Rustaveli State University,2024,219,9
GE,I59807684,Akaki Tsereteli State University,2024,217,10
GE,I4210126868,University of Georgia,2024,213,11
GE,I21250087,Charles University,2024,205,12
GE,I63634437,Universidad Autónoma de Madrid,2024,195,13
GE,I99065089,Tsinghua University,2024,194,14
GE,I4210148700,"Istituto Nazionale di Fisica Nucleare, Sezione di Bologna",2024,191,15
TR,I4210128276,Sağlık Bilimleri Üniversitesi,2019,4152,1
TR,I67581229,Istanbul University,2019,3847,2
TR,I66514158,Hacettepe University,2019,3722,3
TR,I149218525,Ankara University,2019,3202,4
TR,I48912391,Istanbul Technical University,2019,2532,5
TR,I74897591,Marmara University,2019,2469,6
TR,I41641357,Ege University,2019,2425,7
TR,I95634034,Gazi University,2019,2295,8
TR,I64134780,Atatürk University,2019,2243,9
TR,I201799495,Middle East Technical University,2019,2062,10
TR,I193615760,Dokuz Eylül University,2019,1951,11
TR,I4210112471,Istanbul University-Cerrahpaşa,2019,1939,12
TR,I55931168,Cukurova University,2019,1933,13
TR,I137996928,Selçuk University,2019,1659,14
TR,I131835042,Bursa Uludağ Üni̇versi̇tesi̇,2019,1598,15
TR,I4210128276,Sağlık Bilimleri Üniversitesi,2024,7046,1
TR,I66514158,Hacettepe University,2024,4981,2
TR,I149218525,Ankara University,2024,4591,3
TR,I67581229,Istanbul University,2024,4391,4
TR,I48912391,Istanbul Technical University,2024,3653,5
TR,I95634034,Gazi University,2024,3422,6
TR,I74897591,Marmara University,2024,3388,7
TR,I41641357,Ege University,2024,3286,8
TR,I64134780,Atatürk University,2024,3265,9
TR,I4210112471,Istanbul University-Cerrahpaşa,2024,2835,10
TR,I137996928,Selçuk University,2024,2759,11
TR,I103703290,Sakarya University,2024,2625,12
TR,I4101805,Yıldız Technical University,2024,2489,13
TR,I227306068,Ondokuz Mayıs University,2024,2325,14
TR,I193615760,Dokuz Eylül University,2024,2257,15
RU,I19880235,Lomonosov Moscow State University,2019,10313,1
RU,I1313323035,Russian Academy of Sciences,2019,7550,2
RU,I172901346,St Petersburg University,2019,5174,3
RU,I196355604,National Research Tomsk State University,2019,4226,4
RU,I118501908,National Research University Higher School of Economics,2019,4167,5
RU,I130823665,Ural Federal University,2019,3711,6
RU,I17877952,Sechenov University,2019,3571,7
RU,I188973947,Novosibirsk State University,2019,3508,8
RU,I21203515,Kazan Federal University,2019,3396,9
RU,I153845743,Moscow Institute of Physics and Technology,2019,2947,10
RU,I212220629,Peter the Great St. Petersburg Polytechnic University,2019,2835,11
RU,I4210117042,Ministry of Health of the Russian Federation,2019,2627,12
RU,I126527374,Peoples' Friendship University of Russia,2019,2599,13
RU,I177537411,Bauman Moscow State Technical University,2019,2596,14
RU,I173089394,ITMO University,2019,2544,15
RU,I19880235,Lomonosov Moscow State University,2024,10307,1
RU,I1313323035,Russian Academy of Sciences,2024,6654,2
RU,I172901346,St Petersburg University,2024,4543,3
RU,I4210150146,Moscow State University,2024,4000,4
RU,I17877952,Sechenov University,2024,3918,5
RU,I118501908,National Research University Higher School of Economics,2024,3787,6
RU,I126527374,Peoples' Friendship University of Russia,2024,3419,7
RU,I130823665,Ural Federal University,2024,3131,8
RU,I4210117042,Ministry of Health of the Russian Federation,2024,3059,9
RU,I21203515,Kazan Federal University,2024,2799,10
RU,I196355604,National Research Tomsk State University,2024,2333,11
RU,I2800235667,Kurchatov Institute,2024,2265,12
RU,I337778094,Pirogov Russian National Research Medical University,2024,2256,13
RU,I153845743,Moscow Institute of Physics and Technology,2024,2169,14
RU,I188973947,Novosibirsk State University,2024,1894,15
CN,I19820366,Chinese Academy of Sciences,2019,48897,1
CN,I4210165038,University of Chinese Academy of Sciences,2019,26030,2
CN,I183067930,Shanghai Jiao Tong University,2019,18157,3
CN,I99065089,Tsinghua University,2019,18060,4
CN,I20231570,Peking University,2019,17324,5
CN,I76130692,Zhejiang University,2019,15915,6
CN,I157773358,Sun Yat-sen University,2019,15110,7
CN,I47720641,Huazhong University of Science and Technology,2019,12868,8
CN,I139660479,Central South University,2019,12236,9
CN,I24185976,Sichuan University,2019,12070,10
CN,I204983213,Harbin Institute of Technology,2019,11078,11
CN,I24943067,Fudan University,2019,10943,12
CN,I87445476,Xi'an Jiaotong University,2019,10764,13
CN,I126520041,University of Science and Technology of China,2019,10732,14
CN,I37461747,Wuhan University,2019,10289,15
CN,I19820366,Chinese Academy of Sciences,2024,69806,1
CN,I4210165038,University of Chinese Academy of Sciences,2024,35237,2
CN,I76130692,Zhejiang University,2024,30132,3
CN,I183067930,Shanghai Jiao Tong University,2024,29356,4
CN,I99065089,Tsinghua University,2024,27551,5
CN,I20231570,Peking University,2024,26597,6
CN,I157773358,Sun Yat-sen University,2024,25060,7
CN,I24185976,Sichuan University,2024,22712,8
CN,I139660479,Central South University,2024,22118,9
CN,I47720641,Huazhong University of Science and Technology,2024,19930,10
CN,I24943067,Fudan University,2024,18746,11
CN,I204983213,Harbin Institute of Technology,2024,17958,12
CN,I87445476,Xi'an Jiaotong University,2024,17910,13
CN,I126520041,University of Science and Technology of China,2024,17671,14
CN,I116953780,Tongji University,2024,16863,15
JP,I74801974,The University of Tokyo,2019,16530,1
JP,I22299242,Kyoto University,2019,10492,2
JP,I98285908,The University of Osaka,2019,8269,3
JP,I201537933,Tohoku University,2019,8051,4
JP,I135598925,Kyushu University,2019,6804,5
JP,I60134161,Nagoya University,2019,6556,6
JP,I205349734,Hokkaido University,2019,5489,7
JP,I114531698,Tokyo Institute of Technology,2019,4977,8
JP,I146399215,University of Tsukuba,2019,4774,9
JP,I203951103,Keio University,2019,4311,10
JP,I73613424,National Institute of Advanced Industrial Science and Technology,2019,3923,11
JP,I113306721,Hiroshima University,2019,3469,12
JP,I150744194,Waseda University,2019,3380,13
JP,I65837984,Kobe University,2019,3355,14
JP,I159385669,Chiba University,2019,2701,15
JP,I74801974,The University of Tokyo,2024,16614,1
JP,I22299242,Kyoto University,2024,10276,2
JP,I98285908,The University of Osaka,2024,8664,3
JP,I201537933,Tohoku University,2024,8253,4
JP,I135598925,Kyushu University,2024,6999,5
JP,I60134161,Nagoya University,2024,6615,6
JP,I205349734,Hokkaido University,2024,5716,7
JP,I146399215,University of Tsukuba,2024,4830,8
JP,I203951103,Keio University,2024,4532,9
JP,I114531698,Tokyo Institute of Technology,2024,4145,10
JP,I113306721,Hiroshima University,2024,4071,11
JP,I150744194,Waseda University,2024,3561,12
JP,I65837984,Kobe University,2024,3352,13
JP,I73613424,National Institute of Advanced Industrial Science and Technology,2024,2983,14
JP,I159385669,Chiba University,2024,2980,15
KR,I139264467,Seoul National University,2019,10675,1
KR,I193775966,Yonsei University,2019,8287,2
KR,I848706,Sungkyunkwan University,2019,6399,3
KR,I197347611,Korea University,2019,5828,4
KR,I157485424,Korea Advanced Institute of Science and Technology,2019,4774,5
KR,I4575257,Hanyang University,2019,4324,6
KR,I35928602,Kyung Hee University,2019,3779,7
KR,I40542001,University of Ulsan,2019,3580,8
KR,I31419693,Kyungpook National University,2019,3309,9
KR,I4921948,Pusan National University,2019,3117,10
KR,I2801680663,Asan Medical Center,2019,2923,11
KR,I87111246,Catholic University of Korea,2019,2845,12
KR,I2802835388,Seoul National University Hospital,2019,2826,13
KR,I116631150,Ulsan College,2019,2747,14
KR,I55240360,Yeungnam University,2019,2596,15
KR,I139264467,Seoul National University,2024,11437,1
KR,I193775966,Yonsei University,2024,10317,2
KR,I848706,Sungkyunkwan University,2024,7920,3
KR,I197347611,Korea University,2024,7353,4
KR,I4575257,Hanyang University,2024,5309,5
KR,I157485424,Korea Advanced Institute of Science and Technology,2024,5047,6
KR,I35928602,Kyung Hee University,2024,4860,7
KR,I31419693,Kyungpook National University,2024,4026,8
KR,I4921948,Pusan National University,2024,3801,9
KR,I40542001,University of Ulsan,2024,3641,10
KR,I2802835388,Seoul National University Hospital,2024,3334,11
KR,I55240360,Yeungnam University,2024,3187,12
KR,I67900169,Chung-Ang University,2024,3112,13
KR,I87111246,Catholic University of Korea,2024,3050,14
KR,I196345858,Chungnam National University,2024,3021,15
SG,I165932596,National University of Singapore,2019,11944,1
SG,I172675005,Nanyang Technological University,2019,9344,2
SG,I115228651,"Agency for Science, Technology and Research",2019,2241,3
SG,I4210126319,Duke-NUS Medical School,2019,1502,4
SG,I4210150261,National University Health System,2019,1243,5
SG,I152815399,Singapore University of Technology and Design,2019,1140,6
SG,I2251586001,Singapore General Hospital,2019,1123,7
SG,I79891267,Singapore Management University,2019,954,8
SG,I4210146690,National University Hospital,2019,880,9
SG,I31746571,UNSW Sydney,2019,660,10
SG,I2802408685,Tan Tock Seng Hospital,2019,612,11
SG,I4210112252,KK Women's and Children's Hospital,2019,583,12
SG,I19820366,Chinese Academy of Sciences,2019,552,13
SG,I4210116917,Singapore Eye Research Institute,2019,474,14
SG,I4210137145,National Cancer Centre Singapore,2019,462,15
SG,I165932596,National University of Singapore,2024,14853,1
SG,I172675005,Nanyang Technological University,2024,10936,2
SG,I115228651,"Agency for Science, Technology and Research",2024,3552,3
SG,I4210126319,Duke-NUS Medical School,2024,1977,4
SG,I4210150261,National University Health System,2024,1623,5
SG,I2251586001,Singapore General Hospital,2024,1421,6
SG,I79891267,Singapore Management University,2024,1324,7
SG,I4210146690,National University Hospital,2024,1287,8
SG,I152815399,Singapore University of Technology and Design,2024,1222,9
SG,I19820366,Chinese Academy of Sciences,2024,825,10
SG,I2802408685,Tan Tock Seng Hospital,2024,753,11
SG,I4210123095,Institute of Materials Research and Engineering,2024,724,12
SG,I76130692,Zhejiang University,2024,708,13
SG,I204778367,Norwegian University of Science and Technology,2024,706,14
SG,I3004594783,Institute of High Performance Computing,2024,699,15
AU,I165779595,The University of Melbourne,2019,15989,1
AU,I129604602,The University of Sydney,2019,15507,2
AU,I31746571,UNSW Sydney,2019,13438,3
AU,I56590836,Monash University,2019,13265,4
AU,I165143802,The University of Queensland,2019,12525,5
AU,I177877127,The University of Western Australia,2019,6895,6
AU,I118347636,Australian National University,2019,6831,7
AU,I5681781,The University of Adelaide,2019,6479,8
AU,I114017466,University of Technology Sydney,2019,6330,9
AU,I149704539,Deakin University,2019,5274,10
AU,I160993911,Queensland University of Technology,2019,5187,11
AU,I99043593,Macquarie University,2019,5033,12
AU,I205640436,Curtin University,2019,4972,13
AU,I11701301,Griffith University,2019,4869,14
AU,I82951845,RMIT University,2019,4257,15
AU,I165779595,The University of Melbourne,2024,16818,1
AU,I129604602,The University of Sydney,2024,16003,2
AU,I56590836,Monash University,2024,14698,3
AU,I31746571,UNSW Sydney,2024,13598,4
AU,I165143802,The University of Queensland,2024,13306,5
AU,I5681781,The University of Adelaide,2024,7093,6
AU,I118347636,Australian National University,2024,6820,7
AU,I177877127,The University of Western Australia,2024,6812,8
AU,I114017466,University of Technology Sydney,2024,6254,9
AU,I149704539,Deakin University,2024,6084,10
AU,I82951845,RMIT University,2024,5461,11
AU,I99043593,Macquarie University,2024,5424,12
AU,I11701301,Griffith University,2024,5320,13
AU,I205640436,Curtin University,2024,5057,14
AU,I160993911,Queensland University of Technology,2024,4755,15
NZ,I154130895,University of Auckland,2019,6286,1
NZ,I80281795,University of Otago,2019,4007,2
NZ,I41156924,Victoria University of Wellington,2019,2596,3
NZ,I185492890,University of Canterbury,2019,2205,4
NZ,I51158804,Massey University,2019,2099,5
NZ,I39854758,Auckland University of Technology,2019,1911,6
NZ,I52179390,University of Waikato,2019,1255,7
NZ,I2801418622,Auckland City Hospital,2019,576,8
NZ,I165779595,The University of Melbourne,2019,540,9
NZ,I184746854,Lincoln University,2019,519,10
NZ,I165143802,The University of Queensland,2019,492,11
NZ,I129604602,The University of Sydney,2019,482,12
NZ,I56590836,Monash University,2019,424,13
NZ,I41125697,AgResearch,2019,417,14
NZ,I1294671590,Centre National de la Recherche Scientifique,2019,415,15
NZ,I154130895,University of Auckland,2024,6540,1
NZ,I80281795,University of Otago,2024,3825,2
NZ,I41156924,Victoria University of Wellington,2024,2368,3
NZ,I185492890,University of Canterbury,2024,2176,4
NZ,I39854758,Auckland University of Technology,2024,2098,5
NZ,I51158804,Massey University,2024,2032,6
NZ,I52179390,University of Waikato,2024,1309,7
NZ,I165779595,The University of Melbourne,2024,604,8
NZ,I56590836,Monash University,2024,590,9
NZ,I129604602,The University of Sydney,2024,585,10
NZ,I184746854,Lincoln University,2024,552,11
NZ,I165143802,The University of Queensland,2024,504,12
NZ,I2801418622,Auckland City Hospital,2024,486,13
NZ,I45935490,National Institute of Water and Atmospheric Research,2024,442,14
NZ,I1288702032,Ministry of Education,2024,424,15
MY,I33849332,University of Malaya,2019,4809,1
MY,I4576418,University of Technology Malaysia,2019,4441,2
MY,I885383172,National University of Malaysia,2019,4197,3
MY,I139322472,Universiti Sains Malaysia,2019,4165,4
MY,I130343225,Universiti Putra Malaysia,2019,4077,5
MY,I82724352,Universiti Teknologi MARA,2019,3630,6
MY,I4164984,International Islamic University Malaysia,2019,1866,7
MY,I102913810,Universiti Malaysia Pahang Al-Sultan Abdullah,2019,1855,8
MY,I930072361,Tun Hussein Onn University of Malaysia,2019,1752,9
MY,I94625822,Northern University of Malaysia,2019,1521,10
MY,I203899302,Universiti Teknologi Petronas,2019,1430,11
MY,I65079550,Universiti Malaysia Perlis,2019,1246,12
MY,I161371597,Universiti of Malaysia Sabah,2019,1032,13
MY,I32589535,Technical University of Malaysia Malacca,2019,1023,14
MY,I4528857,University of Kuala Lumpur,2019,1020,15
MY,I82724352,Universiti Teknologi MARA,2024,7325,1
MY,I33849332,University of Malaya,2024,6496,2
MY,I885383172,National University of Malaysia,2024,6441,3
MY,I139322472,Universiti Sains Malaysia,2024,6195,4
MY,I130343225,Universiti Putra Malaysia,2024,5419,5
MY,I4576418,University of Technology Malaysia,2024,5383,6
MY,I4164984,International Islamic University Malaysia,2024,2526,7
MY,I102913810,Universiti Malaysia Pahang Al-Sultan Abdullah,2024,2279,8
MY,I930072361,Tun Hussein Onn University of Malaysia,2024,1928,9
MY,I84339108,Sunway University,2024,1898,10
MY,I143923087,Sultan Idris Education University,2024,1865,11
MY,I161371597,Universiti of Malaysia Sabah,2024,1817,12
MY,I65079550,Universiti Malaysia Perlis,2024,1802,13
MY,I203899302,Universiti Teknologi Petronas,2024,1798,14
MY,I94625822,Northern University of Malaysia,2024,1797,15
ID,I29617571,University of Indonesia,2019,7993,1
ID,I11855966,Diponegoro University,2019,5574,2
ID,I165230279,Universitas Gadjah Mada,2019,5548,3
ID,I245308123,State University of Padang,2019,4950,4
ID,I119896790,Sebelas Maret University,2019,4861,5
ID,I205133468,Airlangga University,2019,4460,6
ID,I862893732,Telkom University,2019,4191,7
ID,I91819753,Padjadjaran University,2019,4168,8
ID,I134635517,Bandung Institute of Technology,2019,3926,9
ID,I177055848,University of Brawijaya,2019,3815,10
ID,I21881038,IPB University,2019,3626,11
ID,I126826664,Udayana University,2019,3620,12
ID,I4210150789,Universitas Muhammadiyah Tapanuli Selatan,2019,3607,13
ID,I254887060,Universitas Sumatera Utara,2019,3395,14
ID,I98301867,Hasanuddin University,2019,3243,15
ID,I4210148414,Institut Agama Islam Negeri Bengkulu,2024,10615,1
ID,I29617571,University of Indonesia,2024,9750,2
ID,I165230279,Universitas Gadjah Mada,2024,7664,3
ID,I130218214,Indonesia University of Education,2024,7431,4
ID,I102893293,State University of Malang,2024,7293,5
ID,I4210137904,Universitas Islam Negeri Sumatera Utara,2024,7012,6
ID,I245308123,State University of Padang,2024,6830,7
ID,I119896790,Sebelas Maret University,2024,6817,8
ID,I205133468,Airlangga University,2024,6722,9
ID,I177055848,University of Brawijaya,2024,6551,10
ID,I91819753,Padjadjaran University,2024,6465,11
ID,I4387154144,National Research and Innovation Agency,2024,6319,12
ID,I23758234,Universitas Negeri Surabaya,2024,5802,13
ID,I4429535,State University of Makassar,2024,5727,14
ID,I134635517,Bandung Institute of Technology,2024,5722,15
TH,I158708052,Chulalongkorn University,2019,3468,1
TH,I25399158,Mahidol University,2019,3429,2
TH,I48076826,Chiang Mai University,2019,1999,3
TH,I179193067,Khon Kaen University,2019,1566,4
TH,I198105771,Kasetsart University,2019,1483,5
TH,I131868736,Prince of Songkla University,2019,1430,6
TH,I108108428,Thammasat University,2019,1056,7
TH,I91538806,King Mongkut's Institute of Technology Ladkrabang,2019,1012,8
TH,I60837268,King Mongkut's University of Technology Thonburi,2019,907,9
TH,I1332387789,Siriraj Hospital,2019,870,10
TH,I82828225,King Mongkut's University of Technology North Bangkok,2019,788,11
TH,I4210140007,Ramathibodi Hospital,2019,623,12
TH,I66200439,Naresuan University,2019,540,13
TH,I1332092204,National Science and Technology Development Agency,2019,503,14
TH,I4210126604,Mahidol Oxford Tropical Medicine Research Unit,2019,499,15
TH,I158708052,Chulalongkorn University,2024,5094,1
TH,I25399158,Mahidol University,2024,4956,2
TH,I48076826,Chiang Mai University,2024,3261,3
TH,I179193067,Khon Kaen University,2024,2355,4
TH,I131868736,Prince of Songkla University,2024,2353,5
TH,I198105771,Kasetsart University,2024,2330,6
TH,I108108428,Thammasat University,2024,1856,7
TH,I1332387789,Siriraj Hospital,2024,1430,8
TH,I82828225,King Mongkut's University of Technology North Bangkok,2024,1324,9
TH,I91538806,King Mongkut's Institute of Technology Ladkrabang,2024,1221,10
TH,I60837268,King Mongkut's University of Technology Thonburi,2024,1094,11
TH,I123096312,Mahasarakham University,2024,1092,12
TH,I4210140007,Ramathibodi Hospital,2024,1011,13
TH,I1332092204,National Science and Technology Development Agency,2024,998,14
TH,I82475049,Suranaree University of Technology,2024,997,15
VN,I141445968,Ton Duc Thang University,2019,2908,1
VN,I70349855,Vietnam Academy of Science and Technology,2019,1472,2
VN,I170238339,Duy Tan University,2019,1396,3
VN,I123565023,Vietnam National University Ho Chi Minh City,2019,1223,4
VN,I94518387,Hanoi University of Science and Technology,2019,1022,5
VN,I47265099,Ho Chi Minh City University of Technology,2019,789,6
VN,I3020192730,Trường ĐH Nguyễn Tất Thành,2019,703,7
VN,I177233841,"Vietnam National University, Hanoi",2019,588,8
VN,I67868205,VNU University of Science,2019,543,9
VN,I4210095101,Hue University,2019,499,10
VN,I177733328,Can Tho University,2019,492,11
VN,I3129492623,University of Da Nang,2019,458,12
VN,I4210115718,Thai Nguyen University,2019,407,13
VN,I23582244,Ho Chi Minh City University of Science,2019,379,14
VN,I189643551,Hanoi Medical University,2019,365,15
VN,I123565023,Vietnam National University Ho Chi Minh City,2024,3091,1
VN,I70349855,Vietnam Academy of Science and Technology,2024,2081,2
VN,I94518387,Hanoi University of Science and Technology,2024,1915,3
VN,I47265099,Ho Chi Minh City University of Technology,2024,1582,4
VN,I177233841,"Vietnam National University, Hanoi",2024,1543,5
VN,I177733328,Can Tho University,2024,1523,6
VN,I170238339,Duy Tan University,2024,1237,7
VN,I3020192730,Trường ĐH Nguyễn Tất Thành,2024,926,8
VN,I3129492623,University of Da Nang,2024,871,9
VN,I4210095101,Hue University,2024,861,10
VN,I181727666,University of Economics Ho Chi Minh City,2024,841,11
VN,I2802508454,University of Medicine and Pharmacy at Ho Chi Minh City,2024,833,12
VN,I4210115718,Thai Nguyen University,2024,807,13
VN,I202539009,Industrial University of Ho Chi Minh City,2024,797,14
VN,I67868205,VNU University of Science,2024,772,15
IN,I876193797,Vellore Institute of Technology University,2019,3918,1
IN,I63739035,All India Institute of Medical Sciences,2019,3740,2
IN,I24676775,Indian Institute of Technology Madras,2019,3581,3
IN,I162827531,Indian Institute of Technology Bombay,2019,3438,4
IN,I68891433,Indian Institute of Technology Delhi,2019,3417,5
IN,I145894827,Indian Institute of Technology Kharagpur,2019,3398,6
IN,I59270414,Indian Institute of Science Bangalore,2019,3380,7
IN,I110166357,University of Delhi,2019,3208,8
IN,I91357014,Banaras Hindu University,2019,3122,9
IN,I45294948,Post Graduate Institute of Medical Education and Research,2019,2838,10
IN,I51317819,Institute of Medical Sciences,2019,2570,11
IN,I164861460,Manipal Academy of Higher Education,2019,2456,12
IN,I154851008,Indian Institute of Technology Roorkee,2019,2332,13
IN,I33585257,"Anna University, Chennai",2019,2292,14
IN,I94234084,Indian Institute of Technology Kanpur,2019,2259,15
IN,I85461943,Saveetha University,2024,14210,1
IN,I876193797,Vellore Institute of Technology University,2024,9077,2
IN,I145286018,SRM Institute of Science and Technology,2024,8739,3
IN,I110360157,Lovely Professional University,2024,7209,4
IN,I63739035,All India Institute of Medical Sciences,2024,6971,5
IN,I101407740,Chandigarh University,2024,6442,6
IN,I74319210,Chitkara University,2024,6360,7
IN,I164861460,Manipal Academy of Higher Education,2024,5906,8
IN,I60054993,Graphic Era University,2024,5903,9
IN,I91357014,Banaras Hindu University,2024,5548,10
IN,I28022161,King Saud University,2024,5291,11
IN,I110166357,University of Delhi,2024,5014,12
IN,I106826634,Jain University,2024,4995,13
IN,I99364266,Academy of Scientific and Innovative Research,2024,4806,14
IN,I68891433,Indian Institute of Technology Delhi,2024,4791,15
PK,I16076960,COMSATS University Islamabad,2019,3503,1
PK,I12469534,Quaid-i-Azam University,2019,1871,2
PK,I929597975,National University of Sciences and Technology,2019,1817,3
PK,I172780181,University of the Punjab,2019,1726,4
PK,I61623833,University of Agriculture Faisalabad,2019,1427,5
PK,I193670377,University of Karachi,2019,1315,6
PK,I194348271,"Government College University, Faisalabad",2019,1212,7
PK,I142204992,University of Lahore,2019,1177,8
PK,I127670440,Bahauddin Zakariya University,2019,1101,9
PK,I121243025,"International Islamic University, Islamabad",2019,945,10
PK,I174731842,Islamia University of Bahawalpur,2019,896,11
PK,I142732210,University of Engineering and Technology Lahore,2019,838,12
PK,I181063083,Abdul Wali Khan University Mardan,2019,808,13
PK,I160968435,University of Sargodha,2019,795,14
PK,I36001604,University of Peshawar,2019,769,15
PK,I28022161,King Saud University,2024,4312,1
PK,I172780181,University of the Punjab,2024,3768,2
PK,I16076960,COMSATS University Islamabad,2024,3660,3
PK,I929597975,National University of Sciences and Technology,2024,2708,4
PK,I174731842,Islamia University of Bahawalpur,2024,2575,5
PK,I142204992,University of Lahore,2024,2528,6
PK,I61623833,University of Agriculture Faisalabad,2024,2477,7
PK,I194348271,"Government College University, Faisalabad",2024,2367,8
PK,I12469534,Quaid-i-Azam University,2024,2167,9
PK,I82952536,King Khalid University,2024,1998,10
PK,I127670440,Bahauddin Zakariya University,2024,1985,11
PK,I39727005,Dow University of Health Sciences,2024,1929,12
PK,I195024194,Riphah International University,2024,1921,13
PK,I160968435,University of Sargodha,2024,1800,14
PK,I5100685,University of Education,2024,1621,15
BD,I205746353,University of Dhaka,2019,1235,1
BD,I183697816,Bangladesh University of Engineering and Technology,2019,871,2
BD,I4210090971,Southeast University,2019,793,3
BD,I24057909,Bangladesh Agricultural University,2019,692,4
BD,I902853133,University of Rajshahi,2019,637,5
BD,I201969901,Bangladesh Medical University,2019,601,6
BD,I40279923,Islamic University,2019,568,7
BD,I205889620,International Centre for Diarrhoeal Disease Research,2019,527,8
BD,I76569877,Southeast University,2019,527,9
BD,I46080048,Jahangirnagar University,2019,487,10
BD,I17477748,Rajshahi University of Engineering and Technology,2019,481,11
BD,I96369009,Dhaka Medical College and Hospital,2019,471,12
BD,I894293524,University of Chittagong,2019,404,13
BD,I200606013,Daffodil International University,2019,391,14
BD,I4210150840,Ministry of Education,2019,388,15
BD,I205746353,University of Dhaka,2024,2522,1
BD,I40279923,Islamic University,2024,1910,2
BD,I183697816,Bangladesh University of Engineering and Technology,2024,1576,3
BD,I200606013,Daffodil International University,2024,1416,4
BD,I4210090971,Southeast University,2024,1368,5
BD,I902853133,University of Rajshahi,2024,1306,6
BD,I96369009,Dhaka Medical College and Hospital,2024,1065,7
BD,I24057909,Bangladesh Agricultural University,2024,1011,8
BD,I46080048,Jahangirnagar University,2024,999,9
BD,I5518804,BRAC University,2024,981,10
BD,I76569877,Southeast University,2024,949,11
BD,I894293524,University of Chittagong,2024,932,12
BD,I1307585291,Khulna University of Engineering and Technology,2024,896,13
BD,I157386601,North South University,2024,890,14
BD,I201969901,Bangladesh Medical University,2024,886,15
BR,I17974374,Universidade de São Paulo,2019,21589,1
BR,I181391015,Universidade Estadual de Campinas (UNICAMP),2019,11326,2
BR,I879563668,Universidade Estadual Paulista (Unesp),2019,10027,3
BR,I130442723,Universidade Federal do Rio Grande do Sul,2019,8464,4
BR,I122140584,Universidade Federal do Rio de Janeiro,2019,7960,5
BR,I110200422,Universidade Federal de Minas Gerais,2019,7389,6
BR,I4104125,Universidade Federal de Santa Catarina,2019,5878,7
BR,I150729083,Universidade de Brasília,2019,5432,8
BR,I52418104,Universidade Federal do Paraná,2019,5294,9
BR,I161127581,Universidade Federal Fluminense,2019,4665,10
BR,I88273585,Universidade Federal de São Paulo,2019,4609,11
BR,I25112270,Universidade Federal de Pernambuco,2019,4597,12
BR,I33501960,Universidade Federal de Santa Maria,2019,4150,13
BR,I40034438,Universidade do Estado do Rio de Janeiro,2019,4031,14
BR,I177909021,Universidade Federal de São Carlos,2019,4013,15
BR,I17974374,Universidade de São Paulo,2024,21772,1
BR,I879563668,Universidade Estadual Paulista (Unesp),2024,9216,2
BR,I122140584,Universidade Federal do Rio de Janeiro,2024,9038,3
BR,I181391015,Universidade Estadual de Campinas (UNICAMP),2024,8671,4
BR,I110200422,Universidade Federal de Minas Gerais,2024,8121,5
BR,I130442723,Universidade Federal do Rio Grande do Sul,2024,7891,6
BR,I4104125,Universidade Federal de Santa Catarina,2024,6508,7
BR,I150729083,Universidade de Brasília,2024,5931,8
BR,I25112270,Universidade Federal de Pernambuco,2024,5598,9
BR,I88273585,Universidade Federal de São Paulo,2024,5368,10
BR,I52418104,Universidade Federal do Paraná,2024,5356,11
BR,I40034438,Universidade do Estado do Rio de Janeiro,2024,5103,12
BR,I243754102,Universidade Federal do Ceará,2024,5077,13
BR,I161127581,Universidade Federal Fluminense,2024,4982,14
BR,I177909021,Universidade Federal de São Carlos,2024,4444,15
MX,I8961855,Universidad Nacional Autónoma de México,2019,9447,1
MX,I59361560,Instituto Politécnico Nacional,2019,3838,2
MX,I68368234,Centro de Investigación y de Estudios Avanzados del Instituto Politécnico Nacional,2019,2799,3
MX,I193181351,Universidad de Guadalajara,2019,2326,4
MX,I200362191,Universidad Autónoma Metropolitana,2019,2259,5
MX,I98461037,Tecnológico de Monterrey,2019,2066,6
MX,I169046204,Universidad Autónoma de Nuevo León,2019,1752,7
MX,I721619,Benemérita Universidad Autónoma de Puebla,2019,1554,8
MX,I147280213,Universidad Veracruzana,2019,1365,9
MX,I129858807,Universidad de Guanajuato,2019,1305,10
MX,I4210090124,Tecnológico Nacional de México,2019,1159,11
MX,I164915025,Mexican Social Security Institute,2019,1151,12
MX,I179647637,Universidad Autónoma del Estado de México,2019,1136,13
MX,I173755004,Universidad Michoacana de San Nicolás de Hidalgo,2019,1068,14
MX,I196664497,Autonomous University of San Luis Potosí,2019,1032,15
MX,I8961855,Universidad Nacional Autónoma de México,2024,10715,1
MX,I59361560,Instituto Politécnico Nacional,2024,4339,2
MX,I98461037,Tecnológico de Monterrey,2024,3115,3
MX,I193181351,Universidad de Guadalajara,2024,3040,4
MX,I4210090124,Tecnológico Nacional de México,2024,2660,5
MX,I200362191,Universidad Autónoma Metropolitana,2024,2212,6
MX,I169046204,Universidad Autónoma de Nuevo León,2024,2046,7
MX,I164915025,Mexican Social Security Institute,2024,1898,8
MX,I147280213,Universidad Veracruzana,2024,1848,9
MX,I87182695,Universidad del Noreste,2024,1615,10
MX,I721619,Benemérita Universidad Autónoma de Puebla,2024,1606,11
MX,I68368234,Centro de Investigación y de Estudios Avanzados del Instituto Politécnico Nacional,2024,1568,12
MX,I129858807,Universidad de Guanajuato,2024,1518,13
MX,I104854061,Universidad Autónoma del Estado de Hidalgo,2024,1449,14
MX,I179647637,Universidad Autónoma del Estado de México,2024,1389,15
AR,I151201029,Consejo Nacional de Investigaciones Científicas y Técnicas,2019,10174,1
AR,I24354313,Universidad de Buenos Aires,2019,5338,2
AR,I874386039,Universidad Nacional de La Plata,2019,2877,3
AR,I166401450,Universidad Nacional de Córdoba,2019,2011,4
AR,I53241121,Fundación Ciencias Exactas y Naturales,2019,1069,5
AR,I4141589,National University of Rosario,2019,974,6
AR,I189075073,National University of Mar del Plata,2019,926,7
AR,I56858762,Universidad Nacional del Sur,2019,731,8
AR,I4210095825,Centro Científico Tecnológico - San Juan,2019,705,9
AR,I3121987637,Universidad Nacional del Litoral,2019,687,10
AR,I2802359038,Hospital Italiano de Buenos Aires,2019,682,11
AR,I15881080,Universidad Nacional de Cuyo,2019,680,12
AR,I228664971,National University of General San Martín,2019,611,13
AR,I70368782,National University of Comahue,2019,555,14
AR,I4210153948,National Agricultural Technology Institute,2019,554,15
AR,I151201029,Consejo Nacional de Investigaciones Científicas y Técnicas,2024,9029,1
AR,I24354313,Universidad de Buenos Aires,2024,4857,2
AR,I874386039,Universidad Nacional de La Plata,2024,2494,3
AR,I166401450,Universidad Nacional de Córdoba,2024,1785,4
AR,I53241121,Fundación Ciencias Exactas y Naturales,2024,1267,5
AR,I2802359038,Hospital Italiano de Buenos Aires,2024,967,6
AR,I4141589,National University of Rosario,2024,955,7
AR,I189075073,National University of Mar del Plata,2024,883,8
AR,I4210095825,Centro Científico Tecnológico - San Juan,2024,788,9
AR,I3121987637,Universidad Nacional del Litoral,2024,735,10
AR,I56858762,Universidad Nacional del Sur,2024,701,11
AR,I228664971,National University of General San Martín,2024,645,12
AR,I15881080,Universidad Nacional de Cuyo,2024,617,13
AR,I4210128307,Centro Científico Tecnológico - Tucumán,2024,594,14
AR,I4210153948,National Agricultural Technology Institute,2024,563,15
CL,I69737025,University of Chile,2019,4684,1
CL,I162148367,Pontificia Universidad Católica de Chile,2019,3967,2
CL,I172787465,University of Concepción,2019,1820,3
CL,I10457146,Universidad de Santiago de Chile,2019,1447,4
CL,I130474213,Pontificia Universidad Católica de Valparaíso,2019,1115,5
CL,I16465266,Austral University of Chile,2019,1055,6
CL,I13897259,Universidad Andrés Bello,2019,1029,7
CL,I1294671590,Centre National de la Recherche Scientifique,2019,902,8
CL,I11944219,Universidad de La Frontera,2019,873,9
CL,I4210144918,"Centro Regional de Derechos Humanos y Justicia de Género, Corporación Humanas",2019,862,10
CL,I75778554,Federico Santa María Technical University,2019,800,11
CL,I3121512035,Universidad Autónoma de Chile,2019,782,12
CL,I134695357,University of Talca,2019,751,13
CL,I911713783,Universidad Diego Portales,2019,751,14
CL,I79274474,University of Valparaíso,2019,682,15
CL,I69737025,University of Chile,2024,4600,1
CL,I162148367,Pontificia Universidad Católica de Chile,2024,4446,2
CL,I172787465,University of Concepción,2024,2385,3
CL,I10457146,Universidad de Santiago de Chile,2024,1674,4
CL,I13897259,Universidad Andrés Bello,2024,1558,5
CL,I130474213,Pontificia Universidad Católica de Valparaíso,2024,1237,6
CL,I3124150290,San Sebastián University,2024,1216,7
CL,I185652977,University of Tarapacá,2024,1179,8
CL,I11944219,Universidad de La Frontera,2024,1156,9
CL,I16465266,Austral University of Chile,2024,1127,10
CL,I3121512035,Universidad Autónoma de Chile,2024,989,11
CL,I1294671590,Centre National de la Recherche Scientifique,2024,929,12
CL,I2802166871,Universidad Católica del Norte,2024,896,13
CL,I2799535320,Catholic University of the Maule,2024,878,14
CL,I134695357,University of Talca,2024,877,15
CO,I36243813,Universidad Nacional de Colombia,2019,3814,1
CO,I35961687,Universidad de Antioquia,2019,2558,2
CO,I233745408,Pontificia Universidad Javeriana,2019,1357,3
CO,I162096671,Universidad de Los Andes,2019,1307,4
CO,I91732220,Universidad del Valle,2019,1161,5
CO,I115684694,Industrial University of Santander,2019,981,6
CO,I90803817,Universidad del Rosario,2019,780,7
CO,I181028852,Universidad Pontificia Bolivariana,2019,745,8
CO,I4210150291,Colciencias,2019,622,9
CO,I222202552,Pedagogical and Technological University of Colombia,2019,621,10
CO,I153390918,University of Cartagena,2019,620,11
CO,I332011152,Universidad Distrital Francisco José de Caldas,2019,550,12
CO,I189460059,Universidad El Bosque,2019,537,13
CO,I90425591,Universidad Libre de Colombia,2019,495,14
CO,I41047195,Military University Nueva Granada,2019,494,15
CO,I36243813,Universidad Nacional de Colombia,2024,4095,1
CO,I35961687,Universidad de Antioquia,2024,2707,2
CO,I233745408,Pontificia Universidad Javeriana,2024,1721,3
CO,I91732220,Universidad del Valle,2024,1380,4
CO,I162096671,Universidad de Los Andes,2024,1338,5
CO,I90803817,Universidad del Rosario,2024,934,6
CO,I115684694,Industrial University of Santander,2024,859,7
CO,I4210150291,Colciencias,2024,828,8
CO,I153390918,University of Cartagena,2024,732,9
CO,I4210112678,University of the Coast,2024,722,10
CO,I332011152,Universidad Distrital Francisco José de Caldas,2024,712,11
CO,I222202552,Pedagogical and Technological University of Colombia,2024,659,12
CO,I157650460,Universidad de La Sabana,2024,651,13
CO,I142879360,Universidad del Norte,2024,632,14
CO,I4210152403,Universidad Cooperativa de Colombia,2024,628,15
SA,I28022161,King Saud University,2019,5726,1
SA,I185163786,King Abdulaziz University,2019,5609,2
SA,I71920554,King Abdullah University of Science and Technology,2019,2969,3
SA,I134085113,King Fahd University of Petroleum and Minerals,2019,1907,4
SA,I82952536,King Khalid University,2019,1820,5
SA,I76571253,Imam Abdulrahman Bin Faisal University,2019,1535,6
SA,I23075662,Taibah University,2019,1251,7
SA,I156216236,Qassim University,2019,1110,8
SA,I142608572,Prince Sattam Bin Abdulaziz University,2019,998,9
SA,I199693650,Umm al-Qura University,2019,969,10
SA,I185203018,King Saud bin Abdulaziz University for Health Sciences,2019,967,11
SA,I4210099699,University of Jeddah,2019,910,12
SA,I2800965796,King Faisal Specialist Hospital & Research Centre,2019,800,13
SA,I179331831,Taif University,2019,795,14
SA,I4626487,King Faisal University,2019,774,15
SA,I28022161,King Saud University,2024,18536,1
SA,I82952536,King Khalid University,2024,7396,2
SA,I185163786,King Abdulaziz University,2024,6646,3
SA,I106778892,Princess Nourah bint Abdulrahman University,2024,4976,4
SA,I142608572,Prince Sattam Bin Abdulaziz University,2024,4632,5
SA,I134085113,King Fahd University of Petroleum and Minerals,2024,3968,6
SA,I71920554,King Abdullah University of Science and Technology,2024,3851,7
SA,I156216236,Qassim University,2024,3616,8
SA,I179331831,Taif University,2024,3594,9
SA,I199693650,Umm al-Qura University,2024,3409,10
SA,I4626487,King Faisal University,2024,3256,11
SA,I91450128,Jazan University,2024,2980,12
SA,I72264486,University of Tabuk,2024,2599,13
SA,I85461943,Saveetha University,2024,2420,14
SA,I240666556,Imam Mohammad ibn Saud Islamic University,2024,2346,15
AE,I176601375,Khalifa University of Science and Technology,2019,1433,1
AE,I201726411,United Arab Emirates University,2019,1375,2
AE,I29891158,University of Sharjah,2019,1268,3
AE,I91044093,Zayed University,2019,614,4
AE,I4210126505,Amity University,2019,588,5
AE,I120250893,New York University Abu Dhabi,2019,568,6
AE,I199440890,American University of Sharjah,2019,553,7
AE,I119744171,Higher Colleges of Technology,2019,470,8
AE,I117222138,Abu Dhabi University,2019,394,9
AE,I161913731,Al Ain University,2019,267,10
AE,I97699614,Abu Dhabi National Oil (United Arab Emirates),2019,264,11
AE,I182000528,Ajman University,2019,261,12
AE,I1287366011,Dubai Health Authority,2019,234,13
AE,I4210116052,Inception Institute of Artificial Intelligence,2019,214,14
AE,I57206974,New York University,2019,193,15
AE,I29891158,University of Sharjah,2024,3836,1
AE,I201726411,United Arab Emirates University,2024,3309,2
AE,I176601375,Khalifa University of Science and Technology,2024,3188,3
AE,I4210126505,Amity University,2024,1865,4
AE,I182000528,Ajman University,2024,1395,5
AE,I117222138,Abu Dhabi University,2024,1098,6
AE,I161913731,Al Ain University,2024,1049,7
AE,I199440890,American University of Sharjah,2024,975,8
AE,I120250893,New York University Abu Dhabi,2024,951,9
AE,I91044093,Zayed University,2024,916,10
AE,I4210113480,Mohamed bin Zayed University of Artificial Intelligence,2024,668,11
AE,I28022161,King Saud University,2024,655,12
AE,I4210087059,Technology Innovation Institute,2024,607,13
AE,I119744171,Higher Colleges of Technology,2024,602,14
AE,I163074564,Gulf Medical University,2024,545,15
IL,I16391192,Tel Aviv University,2019,7503,1
IL,I197251160,Hebrew University of Jerusalem,2019,4076,2
IL,I174306211,Technion – Israel Institute of Technology,2019,3755,3
IL,I124227911,Ben-Gurion University of the Negev,2019,3739,4
IL,I13955877,Bar-Ilan University,2019,2454,5
IL,I53964585,Weizmann Institute of Science,2019,2222,6
IL,I91203450,University of Haifa,2019,2212,7
IL,I2799810450,Sheba Medical Center,2019,1708,8
IL,I1311269955,Apple (Israel),2019,1436,9
IL,I2799899409,Hadassah Medical Center,2019,1269,10
IL,I2799807261,Tel Aviv Sourasky Medical Center,2019,936,11
IL,I2800389475,Rabin Medical Center,2019,896,12
IL,I52170813,Ariel University,2019,855,13
IL,I2801301638,Rambam Health Care Campus,2019,789,14
IL,I2252078561,Meta (Israel),2019,706,15
IL,I16391192,Tel Aviv University,2024,7636,1
IL,I197251160,Hebrew University of Jerusalem,2024,5116,2
IL,I124227911,Ben-Gurion University of the Negev,2024,4181,3
IL,I174306211,Technion – Israel Institute of Technology,2024,3753,4
IL,I13955877,Bar-Ilan University,2024,2712,5
IL,I91203450,University of Haifa,2024,2478,6
IL,I53964585,Weizmann Institute of Science,2024,2069,7
IL,I2799810450,Sheba Medical Center,2024,1994,8
IL,I2799899409,Hadassah Medical Center,2024,1770,9
IL,I52170813,Ariel University,2024,1383,10
IL,I2799807261,Tel Aviv Sourasky Medical Center,2024,1247,11
IL,I1311269955,Apple (Israel),2024,1113,12
IL,I2800389475,Rabin Medical Center,2024,995,13
IL,I136199984,Harvard University,2024,797,14
IL,I2801301638,Rambam Health Care Campus,2024,747,15
IR,I23946033,University of Tehran,2019,7394,1
IR,I70640408,Tehran University of Medical Sciences,2019,6592,2
IR,I58048189,Shahid Beheshti University of Medical Sciences,2019,4745,3
IR,I161106909,Iran University of Medical Sciences,2019,3861,4
IR,I1516879,Tarbiat Modares University,2019,3657,5
IR,I155419210,"Islamic Azad University, Science and Research Branch",2019,2770,6
IR,I158248296,Amirkabir University of Technology,2019,2716,7
IR,I41832843,University of Tabriz,2019,2710,8
IR,I48379061,Shahid Beheshti University,2019,2615,9
IR,I163205636,Tabriz University of Medical Sciences,2019,2527,10
IR,I165560825,Mashhad University of Medical Sciences,2019,2527,11
IR,I194604659,Shiraz University of Medical Sciences,2019,2501,12
IR,I133529467,Sharif University of Technology,2019,2471,13
IR,I86958956,Ferdowsi University of Mashhad,2019,2463,14
IR,I67009956,Iran University of Science and Technology,2019,2381,15
IR,I70640408,Tehran University of Medical Sciences,2024,7281,1
IR,I23946033,University of Tehran,2024,6694,2
IR,I58048189,Shahid Beheshti University of Medical Sciences,2024,5105,3
IR,I161106909,Iran University of Medical Sciences,2024,4205,4
IR,I1516879,Tarbiat Modares University,2024,3344,5
IR,I194604659,Shiraz University of Medical Sciences,2024,3218,6
IR,I165560825,Mashhad University of Medical Sciences,2024,2990,7
IR,I163205636,Tabriz University of Medical Sciences,2024,2829,8
IR,I48379061,Shahid Beheshti University,2024,2642,9
IR,I41832843,University of Tabriz,2024,2601,10
IR,I67009956,Iran University of Science and Technology,2024,2585,11
IR,I158248296,Amirkabir University of Technology,2024,2559,12
IR,I114982161,Isfahan University of Medical Sciences,2024,2458,13
IR,I155419210,"Islamic Azad University, Science and Research Branch",2024,2192,14
IR,I110525433,"Islamic Azad University, Tehran",2024,2187,15
EG,I145487455,Cairo University,2019,6358,1
EG,I107720978,Ain Shams University,2019,4535,2
EG,I192398990,Zagazig University,2019,3215,3
EG,I159247623,Mansoura University,2019,3031,4
EG,I84524832,Alexandria University,2019,2900,5
EG,I184834183,Al-Azhar University,2019,2733,6
EG,I4210131959,National Research Centre,2019,2603,7
EG,I91041137,Assiut University,2019,2389,8
EG,I63601056,Menoufia University,2019,2056,9
EG,I21376657,Tanta University,2019,1976,10
EG,I207547235,Benha University,2019,1908,11
EG,I4210165448,Agricultural Research Center,2019,1423,12
EG,I89466785,Minia University,2019,1397,13
EG,I84058292,Helwan University,2019,1387,14
EG,I113643904,Beni-Suef University,2019,1268,15
EG,I145487455,Cairo University,2024,8810,1
EG,I107720978,Ain Shams University,2024,7785,2
EG,I84524832,Alexandria University,2024,5246,3
EG,I159247623,Mansoura University,2024,5161,4
EG,I184834183,Al-Azhar University,2024,4547,5
EG,I192398990,Zagazig University,2024,3892,6
EG,I4210131959,National Research Centre,2024,3657,7
EG,I21376657,Tanta University,2024,3443,8
EG,I207547235,Benha University,2024,3359,9
EG,I91041137,Assiut University,2024,3153,10
EG,I63601056,Menoufia University,2024,2643,11
EG,I84058292,Helwan University,2024,2407,12
EG,I28022161,King Saud University,2024,2235,13
EG,I113643904,Beni-Suef University,2024,2133,14
EG,I89466785,Minia University,2024,2127,15
ZA,I157614274,University of Cape Town,2019,4970,1
ZA,I192619145,University of the Witwatersrand,2019,4595,2
ZA,I26092322,Stellenbosch University,2019,3895,3
ZA,I69552723,University of Pretoria,2019,3838,4
ZA,I95023434,University of KwaZulu-Natal,2019,3729,5
ZA,I24027795,University of Johannesburg,2019,3718,6
ZA,I165390105,University of South Africa,2019,2334,7
ZA,I27765905,North-West University,2019,2210,8
ZA,I26999989,University of the Free State,2019,1586,9
ZA,I869660684,University of the Western Cape,2019,1391,10
ZA,I137616099,Tshwane University of Technology,2019,1071,11
ZA,I99712911,Nelson Mandela University,2019,924,12
ZA,I203238179,Rhodes University,2019,916,13
ZA,I10947320,South African Medical Research Council,2019,910,14
ZA,I1294671590,Centre National de la Recherche Scientifique,2019,675,15
ZA,I24027795,University of Johannesburg,2024,6650,1
ZA,I192619145,University of the Witwatersrand,2024,5443,2
ZA,I157614274,University of Cape Town,2024,5279,3
ZA,I69552723,University of Pretoria,2024,4842,4
ZA,I26092322,Stellenbosch University,2024,4776,5
ZA,I165390105,University of South Africa,2024,4169,6
ZA,I95023434,University of KwaZulu-Natal,2024,4065,7
ZA,I27765905,North-West University,2024,3046,8
ZA,I26999989,University of the Free State,2024,2377,9
ZA,I869660684,University of the Western Cape,2024,1729,10
ZA,I177181097,Durban University of Technology,2024,1400,11
ZA,I10947320,South African Medical Research Council,2024,1292,12
ZA,I137616099,Tshwane University of Technology,2024,1240,13
ZA,I99712911,Nelson Mandela University,2024,1093,14
ZA,I203238179,Rhodes University,2024,1040,15
NG,I181631907,University of Ibadan,2019,2327,1
NG,I11892038,University of Nigeria,2019,1946,2
NG,I186771145,Covenant University,2019,1498,3
NG,I45711476,Obafemi Awolowo University,2019,1312,4
NG,I197610006,University of Lagos,2019,1297,5
NG,I180664298,Federal University of Technology,2019,1246,6
NG,I12789410,Ahmadu Bello University,2019,1165,7
NG,I134542131,University of Ilorin,2019,1113,8
NG,I100116408,University of Port Harcourt,2019,1108,9
NG,I3970730,University of Calabar,2019,935,10
NG,I207227095,Nnamdi Azikiwe University,2019,890,11
NG,I919958821,Bayero University Kano,2019,849,12
NG,I18045400,Federal University of Agriculture,2019,751,13
NG,I96576516,Rivers State University,2019,746,14
NG,I6406202,University of Benin,2019,705,15
NG,I181631907,University of Ibadan,2024,2977,1
NG,I11892038,University of Nigeria,2024,2882,2
NG,I197610006,University of Lagos,2024,1825,3
NG,I134542131,University of Ilorin,2024,1798,4
NG,I180664298,Federal University of Technology,2024,1642,5
NG,I207227095,Nnamdi Azikiwe University,2024,1578,6
NG,I12789410,Ahmadu Bello University,2024,1559,7
NG,I45711476,Obafemi Awolowo University,2024,1530,8
NG,I100116408,University of Port Harcourt,2024,1364,9
NG,I4210113643,"The Federal Polytechnic, Ado-Ekiti",2024,1215,10
NG,I919958821,Bayero University Kano,2024,1210,11
NG,I45230691,Ladoke Akintola University of Technology,2024,1199,12
NG,I96576516,Rivers State University,2024,1197,13
NG,I3970730,University of Calabar,2024,1177,14
NG,I193555791,Delta State University,2024,1161,15
KE,I12859529,University of Nairobi,2019,1390,1
KE,I26805570,Jomo Kenyatta University of Agriculture and Technology,2019,1117,2
KE,I2841861,Kenya Medical Research Institute,2019,1012,3
KE,I4210118691,International Center for Tropical Agriculture,2019,851,4
KE,I153975220,Kenyatta University,2019,644,5
KE,I147168166,Moi University,2019,451,6
KE,I58422712,International Livestock Research Institute,2019,309,7
KE,I195931504,Egerton University,2019,284,8
KE,I55021457,World Agroforestry Centre,2019,260,9
KE,I40120149,University of Oxford,2019,254,10
KE,I195610458,Maseno University,2019,216,11
KE,I88132101,Masinde Muliro University of Science and Technology,2019,215,12
KE,I168685008,International Centre of Insect Physiology and Ecology,2019,199,13
KE,I22607950,University of Eldoret,2019,199,14
KE,I201448701,University of Washington,2019,188,15
KE,I12859529,University of Nairobi,2024,1662,1
KE,I26805570,Jomo Kenyatta University of Agriculture and Technology,2024,1065,2
KE,I153975220,Kenyatta University,2024,1043,3
KE,I2841861,Kenya Medical Research Institute,2024,1009,4
KE,I147168166,Moi University,2024,681,5
KE,I250207469,Mount Kenya University,2024,513,6
KE,I88132101,Masinde Muliro University of Science and Technology,2024,412,7
KE,I4210108070,Aga Khan University Nairobi,2024,373,8
KE,I195931504,Egerton University,2024,339,9
KE,I58422712,International Livestock Research Institute,2024,318,10
KE,I195610458,Maseno University,2024,300,11
KE,I72227227,Makerere University,2024,300,12
KE,I4210129448,African Population and Health Research Center,2024,294,13
KE,I40120149,University of Oxford,2024,281,14
KE,I168685008,International Centre of Insect Physiology and Ecology,2024,277,15
